commodity,location,year,unit,price
CATTLE,16,2005,$ / CWT,81.30
"CATTLE, (EXCL CALVES)",16,2005,$ / CWT,81.3
HOGS,16,2005,$ / CWT,48.9
ONIONS,16,2005,$ / CWT,8.00
"ONIONS, DRY",16,2005,$ / CWT,8.00
"ONIONS, DRY, SUMMER",16,2005,$ / CWT,8.00
"ONIONS, DRY, SUMMER, STORAGE",16,2005,$ / CWT,8
SHEEP,16,2005,$ / CWT,73.50
"SHEEP, (EXCL LAMBS)",16,2005,$ / CWT,42
"SHEEP, LAMBS",16,2005,$ / CWT,105
WOOL,16,2005,$ / LB,0.75
CATTLE,30,2005,$ / CWT,104.00
"CATTLE, (EXCL CALVES)",30,2005,$ / CWT,104
HOGS,30,2005,$ / CWT,53.1
SHEEP,30,2005,$ / CWT,83.65
"SHEEP, (EXCL LAMBS)",30,2005,$ / CWT,43.3
"SHEEP, LAMBS",30,2005,$ / CWT,124
WOOL,30,2005,$ / LB,0.98
BEANS,41,2005,$ / TON,188.00
"BEANS, SNAP",41,2005,$ / TON,188.00
"BEANS, SNAP, PROCESSING",41,2005,$ / TON,188
CATTLE,41,2005,$ / CWT,85.90
"CATTLE, (EXCL CALVES)",41,2005,$ / CWT,85.9
GARLIC,41,2005,$ / CWT,22
HOGS,41,2005,$ / CWT,53.2
PEAS,41,2005,$ / TON,172.00
"PEAS, GREEN",41,2005,$ / TON,172.00
"PEAS, GREEN, PROCESSING",41,2005,$ / TON,172
SHEEP,41,2005,$ / CWT,71.10
"SHEEP, (EXCL LAMBS)",41,2005,$ / CWT,41.2
"SHEEP, LAMBS",41,2005,$ / CWT,101
SQUASH,41,2005,$ / CWT,20.5
STRAWBERRIES,41,2005,$ / CWT,54.7
"STRAWBERRIES, FRESH MARKET",41,2005,$ / CWT,118
"STRAWBERRIES, PROCESSING",41,2005,$ / CWT,48
SWEET CORN,41,2005,$ / CWT,21.00
SWEET CORN,41,2005,$ / TON,79.20
"SWEET CORN, FRESH MARKET",41,2005,$ / CWT,21
"SWEET CORN, PROCESSING",41,2005,$ / TON,79.2
WOOL,41,2005,$ / LB,0.64
ASPARAGUS,53,2005,$ / CWT,51.8
ASPARAGUS,53,2005,$ / TON,1120.00
"ASPARAGUS, FRESH MARKET",53,2005,$ / CWT,49
"ASPARAGUS, PROCESSING",53,2005,$ / TON,1120
CARROTS,53,2005,$ / TON,74.00
"CARROTS, PROCESSING",53,2005,$ / TON,74
CATTLE,53,2005,$ / CWT,103.00
"CATTLE, (EXCL CALVES)",53,2005,$ / CWT,103
HOGS,53,2005,$ / CWT,48.9
ONIONS,53,2005,$ / CWT,16.20
"ONIONS, DRY",53,2005,$ / CWT,16.20
"ONIONS, DRY, SUMMER",53,2005,$ / CWT,16.20
"ONIONS, DRY, SUMMER, NON-STORAGE",53,2005,$ / CWT,23.6
"ONIONS, DRY, SUMMER, STORAGE",53,2005,$ / CWT,8.8
PEAS,53,2005,$ / TON,193.00
"PEAS, GREEN",53,2005,$ / TON,193.00
"PEAS, GREEN, PROCESSING",53,2005,$ / TON,193
SHEEP,53,2005,$ / CWT,74.00
"SHEEP, (EXCL LAMBS)",53,2005,$ / CWT,40
"SHEEP, LAMBS",53,2005,$ / CWT,108
STRAWBERRIES,53,2005,$ / CWT,47.1
"STRAWBERRIES, FRESH MARKET",53,2005,$ / CWT,113
"STRAWBERRIES, PROCESSING",53,2005,$ / CWT,36
SWEET CORN,53,2005,$ / CWT,26.20
SWEET CORN,53,2005,$ / TON,69.00
"SWEET CORN, FRESH MARKET",53,2005,$ / CWT,26.2
"SWEET CORN, PROCESSING",53,2005,$ / TON,69
WOOL,53,2005,$ / LB,0.68
CATTLE,16,2006,$ / CWT,78.20
"CATTLE, (EXCL CALVES)",16,2006,$ / CWT,78.2
HOGS,16,2006,$ / CWT,46.5
ONIONS,16,2006,$ / CWT,17.10
"ONIONS, DRY",16,2006,$ / CWT,17.10
"ONIONS, DRY, SUMMER",16,2006,$ / CWT,17.10
"ONIONS, DRY, SUMMER, STORAGE",16,2006,$ / CWT,17.1
SHEEP,16,2006,$ / CWT,56.70
"SHEEP, (EXCL LAMBS)",16,2006,$ / CWT,27.6
"SHEEP, LAMBS",16,2006,$ / CWT,85.8
WOOL,16,2006,$ / LB,0.71
CATTLE,30,2006,$ / CWT,93.80
"CATTLE, (EXCL CALVES)",30,2006,$ / CWT,93.8
HOGS,30,2006,$ / CWT,47.9
SHEEP,30,2006,$ / CWT,63.85
"SHEEP, (EXCL LAMBS)",30,2006,$ / CWT,25.7
"SHEEP, LAMBS",30,2006,$ / CWT,102
WOOL,30,2006,$ / LB,0.91
BEANS,41,2006,$ / TON,175.00
"BEANS, SNAP",41,2006,$ / TON,175.00
"BEANS, SNAP, PROCESSING",41,2006,$ / TON,175
CATTLE,41,2006,$ / CWT,82.30
"CATTLE, (EXCL CALVES)",41,2006,$ / CWT,82.3
GARLIC,41,2006,$ / CWT,23.2
HOGS,41,2006,$ / CWT,50
PEAS,41,2006,$ / TON,174.00
"PEAS, GREEN",41,2006,$ / TON,174.00
"PEAS, GREEN, PROCESSING",41,2006,$ / TON,174
SHEEP,41,2006,$ / CWT,63.15
"SHEEP, (EXCL LAMBS)",41,2006,$ / CWT,36.7
"SHEEP, LAMBS",41,2006,$ / CWT,89.6
SQUASH,41,2006,$ / CWT,18.6
STRAWBERRIES,41,2006,$ / CWT,69.1
"STRAWBERRIES, FRESH MARKET",41,2006,$ / CWT,134
"STRAWBERRIES, PROCESSING",41,2006,$ / CWT,57
SWEET CORN,41,2006,$ / CWT,20.00
SWEET CORN,41,2006,$ / TON,81.80
"SWEET CORN, FRESH MARKET",41,2006,$ / CWT,20
"SWEET CORN, PROCESSING",41,2006,$ / TON,81.8
WOOL,41,2006,$ / LB,0.59
ASPARAGUS,53,2006,$ / CWT,50
ASPARAGUS,53,2006,$ / TON,1240.00
"ASPARAGUS, FRESH MARKET",53,2006,$ / CWT,49.5
"ASPARAGUS, PROCESSING",53,2006,$ / TON,1240
CARROTS,53,2006,$ / TON,70.00
"CARROTS, PROCESSING",53,2006,$ / TON,70
CATTLE,53,2006,$ / CWT,96.40
"CATTLE, (EXCL CALVES)",53,2006,$ / CWT,96.4
HOGS,53,2006,$ / CWT,46.2
ONIONS,53,2006,$ / CWT,21.70
"ONIONS, DRY",53,2006,$ / CWT,21.70
"ONIONS, DRY, SUMMER",53,2006,$ / CWT,21.70
"ONIONS, DRY, SUMMER, NON-STORAGE",53,2006,$ / CWT,22.4
"ONIONS, DRY, SUMMER, STORAGE",53,2006,$ / CWT,21
PEAS,53,2006,$ / TON,172.00
"PEAS, GREEN",53,2006,$ / TON,172.00
"PEAS, GREEN, PROCESSING",53,2006,$ / TON,172
SHEEP,53,2006,$ / CWT,62.50
"SHEEP, (EXCL LAMBS)",53,2006,$ / CWT,33
"SHEEP, LAMBS",53,2006,$ / CWT,92
STRAWBERRIES,53,2006,$ / CWT,60.4
"STRAWBERRIES, FRESH MARKET",53,2006,$ / CWT,91.5
"STRAWBERRIES, PROCESSING",53,2006,$ / CWT,55.6
SWEET CORN,53,2006,$ / CWT,26.70
SWEET CORN,53,2006,$ / TON,66.60
"SWEET CORN, FRESH MARKET",53,2006,$ / CWT,26.7
"SWEET CORN, PROCESSING",53,2006,$ / TON,66.6
WOOL,53,2006,$ / LB,0.75
ARTICHOKES,06,2007,$ / CWT,55
ASPARAGUS,06,2007,$ / CWT,121
"ASPARAGUS, FRESH MARKET",06,2007,$ / CWT,121
BEANS,06,2007,$ / CWT,67.70
"BEANS, SNAP",06,2007,$ / CWT,67.70
"BEANS, SNAP, FRESH MARKET",06,2007,$ / CWT,67.7
BROCCOLI,06,2007,$ / CWT,35.4
BROCCOLI,06,2007,$ / TON,516.00
"BROCCOLI, FRESH MARKET",06,2007,$ / CWT,35.9
"BROCCOLI, PROCESSING",06,2007,$ / TON,516
CABBAGE,06,2007,$ / CWT,14.80
"CABBAGE, FRESH MARKET",06,2007,$ / CWT,14.8
CARROTS,06,2007,$ / CWT,22.40
CARROTS,06,2007,$ / TON,80.00
"CARROTS, FRESH MARKET",06,2007,$ / CWT,22.4
"CARROTS, PROCESSING",06,2007,$ / TON,80
CATTLE,06,2007,$ / CWT,71.40
"CATTLE, (EXCL CALVES)",06,2007,$ / CWT,71.4
CAULIFLOWER,06,2007,$ / CWT,33.2
CAULIFLOWER,06,2007,$ / TON,540.00
"CAULIFLOWER, FRESH MARKET",06,2007,$ / CWT,33.4
"CAULIFLOWER, PROCESSING",06,2007,$ / TON,540
CELERY,06,2007,$ / CWT,20.7
CUCUMBERS,06,2007,$ / CWT,22.20
"CUCUMBERS, FRESH MARKET",06,2007,$ / CWT,22.2
GARLIC,06,2007,$ / CWT,42.9
HOGS,06,2007,$ / CWT,48.8
LETTUCE,06,2007,$ / CWT,24.27
"LETTUCE, HEAD",06,2007,$ / CWT,22.00
"LETTUCE, HEAD, FRESH MARKET",06,2007,$ / CWT,22
"LETTUCE, LEAF",06,2007,$ / CWT,28.40
"LETTUCE, LEAF, FRESH MARKET",06,2007,$ / CWT,28.4
"LETTUCE, ROMAINE",06,2007,$ / CWT,22.40
"LETTUCE, ROMAINE, FRESH MARKET",06,2007,$ / CWT,22.4
MELONS,06,2007,$ / CWT,13.57
"MELONS, CANTALOUP",06,2007,$ / CWT,12.70
"MELONS, CANTALOUP, FRESH MARKET",06,2007,$ / CWT,12.7
"MELONS, HONEYDEW",06,2007,$ / CWT,16.70
"MELONS, HONEYDEW, FRESH MARKET",06,2007,$ / CWT,16.7
"MELONS, WATERMELON",06,2007,$ / CWT,11.30
"MELONS, WATERMELON, FRESH MARKET",06,2007,$ / CWT,11.3
MOHAIR,06,2007,$ / LB,7.00
"MOHAIR, ANGORA",06,2007,$ / LB,7
ONIONS,06,2007,$ / CWT,10.11
"ONIONS, DRY",06,2007,$ / CWT,10.11
"ONIONS, DRY, SPRING",06,2007,$ / CWT,11
"ONIONS, DRY, SUMMER",06,2007,$ / CWT,9.22
"ONIONS, DRY, SUMMER, NON-STORAGE",06,2007,$ / CWT,9.9
"ONIONS, DRY, SUMMER, STORAGE",06,2007,$ / CWT,8.53
PEPPERS,06,2007,$ / CWT,31.45
"PEPPERS, BELL",06,2007,$ / CWT,28.5
"PEPPERS, CHILE",06,2007,$ / CWT,34.4
PUMPKINS,06,2007,$ / CWT,10.5
SHEEP,06,2007,$ / CWT,60.05
"SHEEP, (EXCL LAMBS)",06,2007,$ / CWT,29.6
"SHEEP, LAMBS",06,2007,$ / CWT,90.5
SPINACH,06,2007,$ / CWT,32.00
SPINACH,06,2007,$ / TON,118.00
"SPINACH, FRESH MARKET",06,2007,$ / CWT,32
"SPINACH, PROCESSING",06,2007,$ / TON,118
SQUASH,06,2007,$ / CWT,24.7
STRAWBERRIES,06,2007,$ / CWT,65.5
"STRAWBERRIES, FRESH MARKET",06,2007,$ / CWT,75.7
"STRAWBERRIES, PROCESSING",06,2007,$ / CWT,25.5
SWEET CORN,06,2007,$ / CWT,23.90
"SWEET CORN, FRESH MARKET",06,2007,$ / CWT,23.9
TOMATOES,06,2007,$ / CWT,33.70
TOMATOES,06,2007,$ / TON,70.30
"TOMATOES, FRESH MARKET",06,2007,$ / CWT,33.7
"TOMATOES, PROCESSING",06,2007,$ / TON,70.3
TURKEYS,06,2007,$ / LB,0.47
WOOL,06,2007,$ / LB,0.85
CATTLE,16,2007,$ / CWT,82.00
"CATTLE, (EXCL CALVES)",16,2007,$ / CWT,82
HOGS,16,2007,$ / CWT,46.8
ONIONS,16,2007,$ / CWT,2.70
"ONIONS, DRY",16,2007,$ / CWT,2.70
"ONIONS, DRY, SUMMER",16,2007,$ / CWT,2.70
"ONIONS, DRY, SUMMER, STORAGE",16,2007,$ / CWT,2.7
SHEEP,16,2007,$ / CWT,61.25
"SHEEP, (EXCL LAMBS)",16,2007,$ / CWT,24.3
"SHEEP, LAMBS",16,2007,$ / CWT,98.2
WOOL,16,2007,$ / LB,0.94
CATTLE,30,2007,$ / CWT,89.80
"CATTLE, (EXCL CALVES)",30,2007,$ / CWT,89.8
HOGS,30,2007,$ / CWT,47.9
SHEEP,30,2007,$ / CWT,62.45
"SHEEP, (EXCL LAMBS)",30,2007,$ / CWT,23.9
"SHEEP, LAMBS",30,2007,$ / CWT,101
WOOL,30,2007,$ / LB,1.3
BEANS,41,2007,$ / TON,202.00
"BEANS, SNAP",41,2007,$ / TON,202.00
"BEANS, SNAP, PROCESSING",41,2007,$ / TON,202
CATTLE,41,2007,$ / CWT,78.60
"CATTLE, (EXCL CALVES)",41,2007,$ / CWT,78.6
GARLIC,41,2007,$ / CWT,22.8
HOGS,41,2007,$ / CWT,50.1
PEAS,41,2007,$ / TON,199.00
"PEAS, GREEN",41,2007,$ / TON,199.00
"PEAS, GREEN, PROCESSING",41,2007,$ / TON,199
SHEEP,41,2007,$ / CWT,63.55
"SHEEP, (EXCL LAMBS)",41,2007,$ / CWT,31.8
"SHEEP, LAMBS",41,2007,$ / CWT,95.3
SQUASH,41,2007,$ / CWT,18.5
STRAWBERRIES,41,2007,$ / CWT,66.3
"STRAWBERRIES, FRESH MARKET",41,2007,$ / CWT,134
"STRAWBERRIES, PROCESSING",41,2007,$ / CWT,58
SWEET CORN,41,2007,$ / CWT,21.40
SWEET CORN,41,2007,$ / TON,88.40
"SWEET CORN, FRESH MARKET",41,2007,$ / CWT,21.4
"SWEET CORN, PROCESSING",41,2007,$ / TON,88.4
WOOL,41,2007,$ / LB,0.56
ASPARAGUS,53,2007,$ / CWT,59.1
CARROTS,53,2007,$ / TON,73.00
"CARROTS, PROCESSING",53,2007,$ / TON,73
CATTLE,53,2007,$ / CWT,92.90
"CATTLE, (EXCL CALVES)",53,2007,$ / CWT,92.9
HOGS,53,2007,$ / CWT,47.8
ONIONS,53,2007,$ / CWT,17.83
"ONIONS, DRY",53,2007,$ / CWT,17.83
"ONIONS, DRY, SUMMER",53,2007,$ / CWT,17.83
"ONIONS, DRY, SUMMER, NON-STORAGE",53,2007,$ / CWT,32.5
"ONIONS, DRY, SUMMER, STORAGE",53,2007,$ / CWT,3.15
PEAS,53,2007,$ / TON,199.00
"PEAS, GREEN",53,2007,$ / TON,199.00
"PEAS, GREEN, PROCESSING",53,2007,$ / TON,199
SHEEP,53,2007,$ / CWT,65.00
"SHEEP, (EXCL LAMBS)",53,2007,$ / CWT,30
"SHEEP, LAMBS",53,2007,$ / CWT,100
STRAWBERRIES,53,2007,$ / CWT,65.4
"STRAWBERRIES, FRESH MARKET",53,2007,$ / CWT,146
"STRAWBERRIES, PROCESSING",53,2007,$ / CWT,53.7
SWEET CORN,53,2007,$ / CWT,27.90
SWEET CORN,53,2007,$ / TON,72.70
"SWEET CORN, FRESH MARKET",53,2007,$ / CWT,27.9
"SWEET CORN, PROCESSING",53,2007,$ / TON,72.7
WOOL,53,2007,$ / LB,1.1
ARTICHOKES,06,2008,$ / CWT,47.8
ASPARAGUS,06,2008,$ / CWT,125
"ASPARAGUS, FRESH MARKET",06,2008,$ / CWT,125
BEANS,06,2008,$ / CWT,66.50
"BEANS, SNAP",06,2008,$ / CWT,66.50
"BEANS, SNAP, FRESH MARKET",06,2008,$ / CWT,66.5
BROCCOLI,06,2008,$ / CWT,35.7
BROCCOLI,06,2008,$ / TON,576.00
"BROCCOLI, FRESH MARKET",06,2008,$ / CWT,36
"BROCCOLI, PROCESSING",06,2008,$ / TON,576
CABBAGE,06,2008,$ / CWT,14.20
"CABBAGE, FRESH MARKET",06,2008,$ / CWT,14.2
CARROTS,06,2008,$ / CWT,25.20
CARROTS,06,2008,$ / TON,110.00
"CARROTS, FRESH MARKET",06,2008,$ / CWT,25.2
"CARROTS, PROCESSING",06,2008,$ / TON,110
CATTLE,06,2008,$ / CWT,87.45
"CATTLE, CALVES",06,2008,$ / CWT,102
"CATTLE, (EXCL CALVES)",06,2008,$ / CWT,72.9
CAULIFLOWER,06,2008,$ / CWT,39.9
CAULIFLOWER,06,2008,$ / TON,566.00
"CAULIFLOWER, FRESH MARKET",06,2008,$ / CWT,40.2
"CAULIFLOWER, PROCESSING",06,2008,$ / TON,566
CELERY,06,2008,$ / CWT,18.6
CUCUMBERS,06,2008,$ / CWT,25.90
"CUCUMBERS, FRESH MARKET",06,2008,$ / CWT,25.9
GARLIC,06,2008,$ / CWT,45.2
HOGS,06,2008,$ / CWT,48
LETTUCE,06,2008,$ / CWT,24.50
"LETTUCE, HEAD",06,2008,$ / CWT,21.30
"LETTUCE, HEAD, FRESH MARKET",06,2008,$ / CWT,21.3
"LETTUCE, LEAF",06,2008,$ / CWT,31.10
"LETTUCE, LEAF, FRESH MARKET",06,2008,$ / CWT,31.1
"LETTUCE, ROMAINE",06,2008,$ / CWT,21.10
"LETTUCE, ROMAINE, FRESH MARKET",06,2008,$ / CWT,21.1
MELONS,06,2008,$ / CWT,15.07
"MELONS, CANTALOUP",06,2008,$ / CWT,15.30
"MELONS, CANTALOUP, FRESH MARKET",06,2008,$ / CWT,15.3
"MELONS, HONEYDEW",06,2008,$ / CWT,14.00
"MELONS, HONEYDEW, FRESH MARKET",06,2008,$ / CWT,14
"MELONS, WATERMELON",06,2008,$ / CWT,15.90
"MELONS, WATERMELON, FRESH MARKET",06,2008,$ / CWT,15.9
MOHAIR,06,2008,$ / LB,4.00
"MOHAIR, ANGORA",06,2008,$ / LB,4
ONIONS,06,2008,$ / CWT,8.70
"ONIONS, DRY",06,2008,$ / CWT,8.70
"ONIONS, DRY, SPRING",06,2008,$ / CWT,8.6
"ONIONS, DRY, SUMMER",06,2008,$ / CWT,8.81
"ONIONS, DRY, SUMMER, NON-STORAGE",06,2008,$ / CWT,8.6
"ONIONS, DRY, SUMMER, STORAGE",06,2008,$ / CWT,9.01
PEPPERS,06,2008,$ / CWT,30.20
"PEPPERS, BELL",06,2008,$ / CWT,36.1
"PEPPERS, CHILE",06,2008,$ / CWT,24.3
PUMPKINS,06,2008,$ / CWT,12.5
SPINACH,06,2008,$ / CWT,34.00
SPINACH,06,2008,$ / TON,126.00
"SPINACH, FRESH MARKET",06,2008,$ / CWT,34
"SPINACH, PROCESSING",06,2008,$ / TON,126
SQUASH,06,2008,$ / CWT,29.7
STRAWBERRIES,06,2008,$ / CWT,69.6
"STRAWBERRIES, FRESH MARKET",06,2008,$ / CWT,77.3
"STRAWBERRIES, PROCESSING",06,2008,$ / CWT,34.4
SWEET CORN,06,2008,$ / CWT,23.60
"SWEET CORN, FRESH MARKET",06,2008,$ / CWT,23.6
TOMATOES,06,2008,$ / CWT,33.30
TOMATOES,06,2008,$ / TON,78.60
"TOMATOES, FRESH MARKET",06,2008,$ / CWT,33.3
"TOMATOES, PROCESSING",06,2008,$ / TON,78.6
TURKEYS,06,2008,$ / LB,0.58
WOOL,06,2008,$ / LB,1.1
CATTLE,16,2008,$ / CWT,91.65
"CATTLE, CALVES",16,2008,$ / CWT,102
"CATTLE, (EXCL CALVES)",16,2008,$ / CWT,81.3
HOGS,16,2008,$ / CWT,47.1
ONIONS,16,2008,$ / CWT,7.40
"ONIONS, DRY",16,2008,$ / CWT,7.40
"ONIONS, DRY, SUMMER",16,2008,$ / CWT,7.40
"ONIONS, DRY, SUMMER, STORAGE",16,2008,$ / CWT,7.4
WOOL,16,2008,$ / LB,1.14
CATTLE,30,2008,$ / CWT,98.25
"CATTLE, CALVES",30,2008,$ / CWT,109
"CATTLE, (EXCL CALVES)",30,2008,$ / CWT,87.5
HOGS,30,2008,$ / CWT,47.1
WOOL,30,2008,$ / LB,1.4
BEANS,41,2008,$ / TON,236.00
"BEANS, SNAP",41,2008,$ / TON,236.00
"BEANS, SNAP, PROCESSING",41,2008,$ / TON,236
CATTLE,41,2008,$ / CWT,87.80
"CATTLE, CALVES",41,2008,$ / CWT,98
"CATTLE, (EXCL CALVES)",41,2008,$ / CWT,77.6
GARLIC,41,2008,$ / CWT,30
HOGS,41,2008,$ / CWT,53
PEAS,41,2008,$ / TON,263.00
"PEAS, GREEN",41,2008,$ / TON,263.00
"PEAS, GREEN, PROCESSING",41,2008,$ / TON,263
SQUASH,41,2008,$ / CWT,17.9
STRAWBERRIES,41,2008,$ / CWT,70.5
"STRAWBERRIES, FRESH MARKET",41,2008,$ / CWT,172
"STRAWBERRIES, PROCESSING",41,2008,$ / CWT,58
SWEET CORN,41,2008,$ / CWT,24.90
SWEET CORN,41,2008,$ / TON,126.00
"SWEET CORN, FRESH MARKET",41,2008,$ / CWT,24.9
"SWEET CORN, PROCESSING",41,2008,$ / TON,126
WOOL,41,2008,$ / LB,0.68
ASPARAGUS,53,2008,$ / CWT,67.1
CARROTS,53,2008,$ / TON,80.00
"CARROTS, PROCESSING",53,2008,$ / TON,80
CATTLE,53,2008,$ / CWT,88.65
"CATTLE, CALVES",53,2008,$ / CWT,92.2
"CATTLE, (EXCL CALVES)",53,2008,$ / CWT,85.1
HOGS,53,2008,$ / CWT,44.6
ONIONS,53,2008,$ / CWT,20.50
"ONIONS, DRY",53,2008,$ / CWT,20.50
"ONIONS, DRY, SUMMER",53,2008,$ / CWT,20.50
"ONIONS, DRY, SUMMER, NON-STORAGE",53,2008,$ / CWT,29.9
"ONIONS, DRY, SUMMER, STORAGE",53,2008,$ / CWT,11.1
PEAS,53,2008,$ / TON,298.00
"PEAS, GREEN",53,2008,$ / TON,298.00
"PEAS, GREEN, PROCESSING",53,2008,$ / TON,298
STRAWBERRIES,53,2008,$ / CWT,70.1
"STRAWBERRIES, FRESH MARKET",53,2008,$ / CWT,172
"STRAWBERRIES, PROCESSING",53,2008,$ / CWT,51.7
SWEET CORN,53,2008,$ / CWT,38.90
SWEET CORN,53,2008,$ / TON,118.00
"SWEET CORN, FRESH MARKET",53,2008,$ / CWT,38.9
"SWEET CORN, PROCESSING",53,2008,$ / TON,118
WOOL,53,2008,$ / LB,1.35
ARTICHOKES,06,2009,$ / CWT,56.2
ASPARAGUS,06,2009,$ / CWT,130
"ASPARAGUS, FRESH MARKET",06,2009,$ / CWT,130
BEANS,06,2009,$ / CWT,66.90
"BEANS, SNAP",06,2009,$ / CWT,66.90
"BEANS, SNAP, FRESH MARKET",06,2009,$ / CWT,66.9
BROCCOLI,06,2009,$ / CWT,40.1
BROCCOLI,06,2009,$ / TON,875.00
"BROCCOLI, FRESH MARKET",06,2009,$ / CWT,40
"BROCCOLI, PROCESSING",06,2009,$ / TON,875
CABBAGE,06,2009,$ / CWT,15.00
"CABBAGE, FRESH MARKET",06,2009,$ / CWT,15
CARROTS,06,2009,$ / CWT,25.70
CARROTS,06,2009,$ / TON,180.00
"CARROTS, FRESH MARKET",06,2009,$ / CWT,25.7
"CARROTS, PROCESSING",06,2009,$ / TON,180
CATTLE,06,2009,$ / CWT,82.40
"CATTLE, CALVES",06,2009,$ / CWT,100
"CATTLE, (EXCL CALVES)",06,2009,$ / CWT,64.8
CAULIFLOWER,06,2009,$ / CWT,44
CAULIFLOWER,06,2009,$ / TON,630.00
"CAULIFLOWER, FRESH MARKET",06,2009,$ / CWT,44.3
"CAULIFLOWER, PROCESSING",06,2009,$ / TON,630
CELERY,06,2009,$ / CWT,20.5
CUCUMBERS,06,2009,$ / CWT,29.10
"CUCUMBERS, FRESH MARKET",06,2009,$ / CWT,29.1
GARLIC,06,2009,$ / CWT,51.2
HOGS,06,2009,$ / CWT,42.3
LETTUCE,06,2009,$ / CWT,29.87
"LETTUCE, HEAD",06,2009,$ / CWT,22.20
"LETTUCE, HEAD, FRESH MARKET",06,2009,$ / CWT,22.2
"LETTUCE, LEAF",06,2009,$ / CWT,38.60
"LETTUCE, LEAF, FRESH MARKET",06,2009,$ / CWT,38.6
"LETTUCE, ROMAINE",06,2009,$ / CWT,28.80
"LETTUCE, ROMAINE, FRESH MARKET",06,2009,$ / CWT,28.8
MELONS,06,2009,$ / CWT,13.40
"MELONS, CANTALOUP",06,2009,$ / CWT,14.20
"MELONS, CANTALOUP, FRESH MARKET",06,2009,$ / CWT,14.2
"MELONS, HONEYDEW",06,2009,$ / CWT,13.50
"MELONS, HONEYDEW, FRESH MARKET",06,2009,$ / CWT,13.5
"MELONS, WATERMELON",06,2009,$ / CWT,12.50
"MELONS, WATERMELON, FRESH MARKET",06,2009,$ / CWT,12.5
MOHAIR,06,2009,$ / LB,3.50
"MOHAIR, ANGORA",06,2009,$ / LB,3.5
ONIONS,06,2009,$ / CWT,8.84
"ONIONS, DRY",06,2009,$ / CWT,8.84
"ONIONS, DRY, SPRING",06,2009,$ / CWT,8.6
"ONIONS, DRY, SUMMER",06,2009,$ / CWT,9.07
"ONIONS, DRY, SUMMER, NON-STORAGE",06,2009,$ / CWT,8.6
"ONIONS, DRY, SUMMER, STORAGE",06,2009,$ / CWT,9.54
PEPPERS,06,2009,$ / CWT,26.60
"PEPPERS, BELL",06,2009,$ / CWT,28.4
"PEPPERS, CHILE",06,2009,$ / CWT,24.8
PUMPKINS,06,2009,$ / CWT,13.9
SPINACH,06,2009,$ / CWT,40.10
SPINACH,06,2009,$ / TON,118.00
"SPINACH, FRESH MARKET",06,2009,$ / CWT,40.1
"SPINACH, PROCESSING",06,2009,$ / TON,118
SQUASH,06,2009,$ / CWT,26.4
STRAWBERRIES,06,2009,$ / CWT,69.4
"STRAWBERRIES, FRESH MARKET",06,2009,$ / CWT,79
"STRAWBERRIES, PROCESSING",06,2009,$ / CWT,29.5
SWEET CORN,06,2009,$ / CWT,24.80
"SWEET CORN, FRESH MARKET",06,2009,$ / CWT,24.8
TOMATOES,06,2009,$ / CWT,34.80
TOMATOES,06,2009,$ / TON,86.10
"TOMATOES, FRESH MARKET",06,2009,$ / CWT,34.8
"TOMATOES, PROCESSING",06,2009,$ / TON,86.1
WOOL,06,2009,$ / LB,0.85
CATTLE,16,2009,$ / CWT,87.80
"CATTLE, CALVES",16,2009,$ / CWT,101
"CATTLE, (EXCL CALVES)",16,2009,$ / CWT,74.6
HOGS,16,2009,$ / CWT,41.5
ONIONS,16,2009,$ / CWT,13.80
"ONIONS, DRY",16,2009,$ / CWT,13.80
"ONIONS, DRY, SUMMER",16,2009,$ / CWT,13.80
"ONIONS, DRY, SUMMER, STORAGE",16,2009,$ / CWT,13.8
WOOL,16,2009,$ / LB,0.83
CATTLE,30,2009,$ / CWT,92.85
"CATTLE, CALVES",30,2009,$ / CWT,108
"CATTLE, (EXCL CALVES)",30,2009,$ / CWT,77.7
HOGS,30,2009,$ / CWT,40.9
WOOL,30,2009,$ / LB,1.1
BEANS,41,2009,$ / TON,216.00
"BEANS, SNAP",41,2009,$ / TON,216.00
"BEANS, SNAP, PROCESSING",41,2009,$ / TON,216
CATTLE,41,2009,$ / CWT,86.90
"CATTLE, CALVES",41,2009,$ / CWT,96.7
"CATTLE, (EXCL CALVES)",41,2009,$ / CWT,77.1
GARLIC,41,2009,$ / CWT,22.5
HOGS,41,2009,$ / CWT,44.7
PEAS,41,2009,$ / TON,255.00
"PEAS, GREEN",41,2009,$ / TON,255.00
"PEAS, GREEN, PROCESSING",41,2009,$ / TON,255
SQUASH,41,2009,$ / CWT,26.2
STRAWBERRIES,41,2009,$ / CWT,65.8
"STRAWBERRIES, FRESH MARKET",41,2009,$ / CWT,140
"STRAWBERRIES, PROCESSING",41,2009,$ / CWT,54
SWEET CORN,41,2009,$ / CWT,27.50
SWEET CORN,41,2009,$ / TON,117.00
"SWEET CORN, FRESH MARKET",41,2009,$ / CWT,27.5
"SWEET CORN, PROCESSING",41,2009,$ / TON,117
WOOL,41,2009,$ / LB,0.66
ASPARAGUS,53,2009,$ / CWT,76.9
CARROTS,53,2009,$ / TON,85.00
"CARROTS, PROCESSING",53,2009,$ / TON,85
CATTLE,53,2009,$ / CWT,87.90
"CATTLE, CALVES",53,2009,$ / CWT,93.3
"CATTLE, (EXCL CALVES)",53,2009,$ / CWT,82.5
HOGS,53,2009,$ / CWT,39.7
ONIONS,53,2009,$ / CWT,22.95
"ONIONS, DRY",53,2009,$ / CWT,22.95
"ONIONS, DRY, SUMMER",53,2009,$ / CWT,22.95
"ONIONS, DRY, SUMMER, NON-STORAGE",53,2009,$ / CWT,29.5
"ONIONS, DRY, SUMMER, STORAGE",53,2009,$ / CWT,16.4
PEAS,53,2009,$ / TON,265.00
"PEAS, GREEN",53,2009,$ / TON,265.00
"PEAS, GREEN, PROCESSING",53,2009,$ / TON,265
STRAWBERRIES,53,2009,$ / CWT,58.3
"STRAWBERRIES, FRESH MARKET",53,2009,$ / CWT,158
"STRAWBERRIES, PROCESSING",53,2009,$ / CWT,50
SWEET CORN,53,2009,$ / CWT,37.50
SWEET CORN,53,2009,$ / TON,109.00
"SWEET CORN, FRESH MARKET",53,2009,$ / CWT,37.5
"SWEET CORN, PROCESSING",53,2009,$ / TON,109
WOOL,53,2009,$ / LB,1.35
ARTICHOKES,06,2010,$ / CWT,51.5
ASPARAGUS,06,2010,$ / CWT,147
"ASPARAGUS, FRESH MARKET",06,2010,$ / CWT,147
BEANS,06,2010,$ / CWT,67.40
"BEANS, SNAP",06,2010,$ / CWT,67.40
"BEANS, SNAP, FRESH MARKET",06,2010,$ / CWT,67.4
BROCCOLI,06,2010,$ / CWT,35.3
BROCCOLI,06,2010,$ / TON,860.00
"BROCCOLI, FRESH MARKET",06,2010,$ / CWT,35.1
"BROCCOLI, PROCESSING",06,2010,$ / TON,860
CABBAGE,06,2010,$ / CWT,14.40
"CABBAGE, FRESH MARKET",06,2010,$ / CWT,14.4
CARROTS,06,2010,$ / CWT,27.20
CARROTS,06,2010,$ / TON,175.00
"CARROTS, FRESH MARKET",06,2010,$ / CWT,27.2
"CARROTS, PROCESSING",06,2010,$ / TON,175
CATTLE,06,2010,$ / CWT,97.00
"CATTLE, CALVES",06,2010,$ / CWT,116
"CATTLE, (EXCL CALVES)",06,2010,$ / CWT,78
CAULIFLOWER,06,2010,$ / CWT,38.3
CAULIFLOWER,06,2010,$ / TON,615.00
"CAULIFLOWER, FRESH MARKET",06,2010,$ / CWT,38.5
"CAULIFLOWER, PROCESSING",06,2010,$ / TON,615
CELERY,06,2010,$ / CWT,19.8
CUCUMBERS,06,2010,$ / CWT,19.50
"CUCUMBERS, FRESH MARKET",06,2010,$ / CWT,19.5
GARLIC,06,2010,$ / CWT,71.8
HOGS,06,2010,$ / CWT,54.9
LETTUCE,06,2010,$ / CWT,26.73
"LETTUCE, HEAD",06,2010,$ / CWT,22.70
"LETTUCE, HEAD, FRESH MARKET",06,2010,$ / CWT,22.7
"LETTUCE, LEAF",06,2010,$ / CWT,35.40
"LETTUCE, LEAF, FRESH MARKET",06,2010,$ / CWT,35.4
"LETTUCE, ROMAINE",06,2010,$ / CWT,22.10
"LETTUCE, ROMAINE, FRESH MARKET",06,2010,$ / CWT,22.1
MELONS,06,2010,$ / CWT,12.93
"MELONS, CANTALOUP",06,2010,$ / CWT,12.30
"MELONS, CANTALOUP, FRESH MARKET",06,2010,$ / CWT,12.3
"MELONS, HONEYDEW",06,2010,$ / CWT,13.20
"MELONS, HONEYDEW, FRESH MARKET",06,2010,$ / CWT,13.2
"MELONS, WATERMELON",06,2010,$ / CWT,13.30
"MELONS, WATERMELON, FRESH MARKET",06,2010,$ / CWT,13.3
MOHAIR,06,2010,$ / LB,4.25
"MOHAIR, ANGORA",06,2010,$ / LB,4.25
ONIONS,06,2010,$ / CWT,13.88
"ONIONS, DRY",06,2010,$ / CWT,13.88
"ONIONS, DRY, SPRING",06,2010,$ / CWT,18
"ONIONS, DRY, SUMMER",06,2010,$ / CWT,9.75
"ONIONS, DRY, SUMMER, NON-STORAGE",06,2010,$ / CWT,7.5
"ONIONS, DRY, SUMMER, STORAGE",06,2010,$ / CWT,12
PEPPERS,06,2010,$ / CWT,28.55
"PEPPERS, BELL",06,2010,$ / CWT,29.4
"PEPPERS, CHILE",06,2010,$ / CWT,27.7
PUMPKINS,06,2010,$ / CWT,10.1
SPINACH,06,2010,$ / CWT,42.90
SPINACH,06,2010,$ / TON,156.00
"SPINACH, FRESH MARKET",06,2010,$ / CWT,42.9
"SPINACH, PROCESSING",06,2010,$ / TON,156
SQUASH,06,2010,$ / CWT,28.3
STRAWBERRIES,06,2010,$ / CWT,69.6
"STRAWBERRIES, FRESH MARKET",06,2010,$ / CWT,79.6
"STRAWBERRIES, PROCESSING",06,2010,$ / CWT,27.8
SWEET CORN,06,2010,$ / CWT,18.80
"SWEET CORN, FRESH MARKET",06,2010,$ / CWT,18.8
TOMATOES,06,2010,$ / CWT,33.10
TOMATOES,06,2010,$ / TON,71.40
"TOMATOES, FRESH MARKET",06,2010,$ / CWT,33.1
"TOMATOES, PROCESSING",06,2010,$ / TON,71.4
WOOL,06,2010,$ / LB,1.25
CATTLE,16,2010,$ / CWT,102.30
"CATTLE, CALVES",16,2010,$ / CWT,118
"CATTLE, (EXCL CALVES)",16,2010,$ / CWT,86.6
ONIONS,16,2010,$ / CWT,8.70
"ONIONS, DRY",16,2010,$ / CWT,8.70
"ONIONS, DRY, SUMMER",16,2010,$ / CWT,8.70
"ONIONS, DRY, SUMMER, STORAGE",16,2010,$ / CWT,8.7
WOOL,16,2010,$ / LB,1.26
CATTLE,30,2010,$ / CWT,109.05
"CATTLE, CALVES",30,2010,$ / CWT,128
"CATTLE, (EXCL CALVES)",30,2010,$ / CWT,90.1
HOGS,30,2010,$ / CWT,52
WOOL,30,2010,$ / LB,1.6
BEANS,41,2010,$ / TON,186.00
"BEANS, SNAP",41,2010,$ / TON,186.00
"BEANS, SNAP, PROCESSING",41,2010,$ / TON,186
CATTLE,41,2010,$ / CWT,102.80
"CATTLE, CALVES",41,2010,$ / CWT,115
"CATTLE, (EXCL CALVES)",41,2010,$ / CWT,90.6
GARLIC,41,2010,$ / CWT,90.2
HOGS,41,2010,$ / CWT,57.7
PEAS,41,2010,$ / TON,196.00
"PEAS, GREEN",41,2010,$ / TON,196.00
"PEAS, GREEN, PROCESSING",41,2010,$ / TON,196
SQUASH,41,2010,$ / CWT,9.31
STRAWBERRIES,41,2010,$ / CWT,69.1
"STRAWBERRIES, FRESH MARKET",41,2010,$ / CWT,166
"STRAWBERRIES, PROCESSING",41,2010,$ / CWT,51
SWEET CORN,41,2010,$ / CWT,27.50
SWEET CORN,41,2010,$ / TON,88.80
"SWEET CORN, FRESH MARKET",41,2010,$ / CWT,27.5
"SWEET CORN, PROCESSING",41,2010,$ / TON,88.8
WOOL,41,2010,$ / LB,0.86
ASPARAGUS,53,2010,$ / CWT,77.1
CARROTS,53,2010,$ / TON,82.00
"CARROTS, PROCESSING",53,2010,$ / TON,82
CATTLE,53,2010,$ / CWT,106.80
"CATTLE, CALVES",53,2010,$ / CWT,114
"CATTLE, (EXCL CALVES)",53,2010,$ / CWT,99.6
ONIONS,53,2010,$ / CWT,30.65
"ONIONS, DRY",53,2010,$ / CWT,30.65
"ONIONS, DRY, SUMMER",53,2010,$ / CWT,30.65
"ONIONS, DRY, SUMMER, NON-STORAGE",53,2010,$ / CWT,50.1
"ONIONS, DRY, SUMMER, STORAGE",53,2010,$ / CWT,11.2
PEAS,53,2010,$ / TON,212.00
"PEAS, GREEN",53,2010,$ / TON,212.00
"PEAS, GREEN, PROCESSING",53,2010,$ / TON,212
STRAWBERRIES,53,2010,$ / CWT,61.1
"STRAWBERRIES, FRESH MARKET",53,2010,$ / CWT,189
"STRAWBERRIES, PROCESSING",53,2010,$ / CWT,50
SWEET CORN,53,2010,$ / CWT,38.80
SWEET CORN,53,2010,$ / TON,79.80
"SWEET CORN, FRESH MARKET",53,2010,$ / CWT,38.8
"SWEET CORN, PROCESSING",53,2010,$ / TON,79.8
WOOL,53,2010,$ / LB,1.5
ARTICHOKES,06,2011,$ / CWT,50.4
ASPARAGUS,06,2011,$ / CWT,149
"ASPARAGUS, FRESH MARKET",06,2011,$ / CWT,149
BEANS,06,2011,$ / CWT,64.40
"BEANS, SNAP",06,2011,$ / CWT,64.40
"BEANS, SNAP, FRESH MARKET",06,2011,$ / CWT,64.4
BROCCOLI,06,2011,$ / CWT,33.8
BROCCOLI,06,2011,$ / TON,855.00
"BROCCOLI, FRESH MARKET",06,2011,$ / CWT,33.6
"BROCCOLI, PROCESSING",06,2011,$ / TON,855
CABBAGE,06,2011,$ / CWT,12.90
"CABBAGE, FRESH MARKET",06,2011,$ / CWT,12.9
CARROTS,06,2011,$ / CWT,34.90
"CARROTS, FRESH MARKET",06,2011,$ / CWT,34.9
CAULIFLOWER,06,2011,$ / CWT,44.6
CAULIFLOWER,06,2011,$ / TON,510.00
"CAULIFLOWER, FRESH MARKET",06,2011,$ / CWT,45.4
"CAULIFLOWER, PROCESSING",06,2011,$ / TON,510
CELERY,06,2011,$ / CWT,20.3
CUCUMBERS,06,2011,$ / CWT,36.60
"CUCUMBERS, FRESH MARKET",06,2011,$ / CWT,36.6
GARLIC,06,2011,$ / CWT,68.6
LETTUCE,06,2011,$ / CWT,25.20
"LETTUCE, HEAD",06,2011,$ / CWT,20.10
"LETTUCE, HEAD, FRESH MARKET",06,2011,$ / CWT,20.1
"LETTUCE, LEAF",06,2011,$ / CWT,28.90
"LETTUCE, LEAF, FRESH MARKET",06,2011,$ / CWT,28.9
"LETTUCE, ROMAINE",06,2011,$ / CWT,26.60
"LETTUCE, ROMAINE, FRESH MARKET",06,2011,$ / CWT,26.6
MELONS,06,2011,$ / CWT,17.03
"MELONS, CANTALOUP",06,2011,$ / CWT,16.10
"MELONS, CANTALOUP, FRESH MARKET",06,2011,$ / CWT,16.1
"MELONS, HONEYDEW",06,2011,$ / CWT,21.00
"MELONS, HONEYDEW, FRESH MARKET",06,2011,$ / CWT,21
"MELONS, WATERMELON",06,2011,$ / CWT,14.00
"MELONS, WATERMELON, FRESH MARKET",06,2011,$ / CWT,14
MOHAIR,06,2011,$ / LB,6.00
"MOHAIR, ANGORA",06,2011,$ / LB,6
ONIONS,06,2011,$ / CWT,9.97
"ONIONS, DRY",06,2011,$ / CWT,9.97
"ONIONS, DRY, SPRING",06,2011,$ / CWT,13.5
"ONIONS, DRY, SUMMER",06,2011,$ / CWT,6.44
"ONIONS, DRY, SUMMER, NON-STORAGE",06,2011,$ / CWT,5
"ONIONS, DRY, SUMMER, STORAGE",06,2011,$ / CWT,7.88
PEPPERS,06,2011,$ / CWT,31.70
"PEPPERS, BELL",06,2011,$ / CWT,29.4
"PEPPERS, CHILE",06,2011,$ / CWT,34
PUMPKINS,06,2011,$ / CWT,11.7
SPINACH,06,2011,$ / CWT,36.90
SPINACH,06,2011,$ / TON,135.00
"SPINACH, FRESH MARKET",06,2011,$ / CWT,36.9
"SPINACH, PROCESSING",06,2011,$ / TON,135
SQUASH,06,2011,$ / CWT,30.1
STRAWBERRIES,06,2011,$ / CWT,75.7
"STRAWBERRIES, FRESH MARKET",06,2011,$ / CWT,86.5
"STRAWBERRIES, PROCESSING",06,2011,$ / CWT,33.8
SWEET CORN,06,2011,$ / CWT,19.20
"SWEET CORN, FRESH MARKET",06,2011,$ / CWT,19.2
TOMATOES,06,2011,$ / CWT,30.40
TOMATOES,06,2011,$ / TON,74.30
"TOMATOES, FRESH MARKET",06,2011,$ / CWT,30.4
"TOMATOES, PROCESSING",06,2011,$ / TON,74.3
WOOL,06,2011,$ / LB,1.7
ONIONS,16,2011,$ / CWT,7.50
"ONIONS, DRY",16,2011,$ / CWT,7.50
"ONIONS, DRY, SUMMER",16,2011,$ / CWT,7.50
"ONIONS, DRY, SUMMER, STORAGE",16,2011,$ / CWT,7.5
WOOL,16,2011,$ / LB,1.7
WOOL,30,2011,$ / LB,2.4
BEANS,41,2011,$ / TON,219.00
"BEANS, SNAP",41,2011,$ / TON,219.00
"BEANS, SNAP, PROCESSING",41,2011,$ / TON,219
GARLIC,41,2011,$ / CWT,74.6
PEAS,41,2011,$ / TON,233.00
"PEAS, GREEN",41,2011,$ / TON,233.00
"PEAS, GREEN, PROCESSING",41,2011,$ / TON,233
SQUASH,41,2011,$ / CWT,11.6
STRAWBERRIES,41,2011,$ / CWT,66.5
"STRAWBERRIES, FRESH MARKET",41,2011,$ / CWT,148
"STRAWBERRIES, PROCESSING",41,2011,$ / CWT,55
SWEET CORN,41,2011,$ / CWT,21.60
"SWEET CORN, FRESH MARKET",41,2011,$ / CWT,21.6
WOOL,41,2011,$ / LB,1.7
ASPARAGUS,53,2011,$ / CWT,78.9
CARROTS,53,2011,$ / TON,86.00
"CARROTS, PROCESSING",53,2011,$ / TON,86
ONIONS,53,2011,$ / CWT,15.85
"ONIONS, DRY",53,2011,$ / CWT,15.85
"ONIONS, DRY, SUMMER",53,2011,$ / CWT,15.85
"ONIONS, DRY, SUMMER, NON-STORAGE",53,2011,$ / CWT,22.8
"ONIONS, DRY, SUMMER, STORAGE",53,2011,$ / CWT,8.9
PEAS,53,2011,$ / TON,252.00
"PEAS, GREEN",53,2011,$ / TON,252.00
"PEAS, GREEN, PROCESSING",53,2011,$ / TON,252
STRAWBERRIES,53,2011,$ / CWT,71.8
"STRAWBERRIES, FRESH MARKET",53,2011,$ / CWT,231
"STRAWBERRIES, PROCESSING",53,2011,$ / CWT,46.7
SWEET CORN,53,2011,$ / CWT,41.00
SWEET CORN,53,2011,$ / TON,109.00
"SWEET CORN, FRESH MARKET",53,2011,$ / CWT,41
"SWEET CORN, PROCESSING",53,2011,$ / TON,109
WOOL,53,2011,$ / LB,1.65
MOHAIR,06,2012,$ / LB,6.00
"MOHAIR, ANGORA",06,2012,$ / LB,6
WOOL,06,2012,$ / LB,1.6
WOOL,16,2012,$ / LB,1.7
WOOL,30,2012,$ / LB,2.1
WOOL,41,2012,$ / LB,1.56
WOOL,53,2012,$ / LB,1.55
MOHAIR,06,2013,$ / LB,6.00
"MOHAIR, ANGORA",06,2013,$ / LB,6
WOOL,06,2013,$ / LB,1.45
WOOL,16,2013,$ / LB,1.35
WOOL,30,2013,$ / LB,2.2
WOOL,41,2013,$ / LB,1.11
WOOL,53,2013,$ / LB,1.1
MOHAIR,06,2014,$ / LB,6.00
"MOHAIR, ANGORA",06,2014,$ / LB,6
WOOL,06,2014,$ / LB,1.35
WOOL,16,2014,$ / LB,1.54
WOOL,30,2014,$ / LB,2.05
WOOL,41,2014,$ / LB,1.36
WOOL,53,2014,$ / LB,1.8
